Model,Precision@k,Recall@k,MRR,Hit@k,nDCG@k
TF-IDF,0.06949999999999999,0.695,0.4397043650793651,0.695,0.500377535299524
BM25,0.04800000000000001,0.48,0.2962281746031746,0.48,0.34080856974581875
SBERT Baseline,0.07549999999999998,0.755,0.5556289682539682,0.755,0.6040082632417098
SBERT Triplet,0.07799999999999999,0.78,0.5684742063492063,0.78,0.6197374617252699
