Model,Precision@k,Recall@k,MRR,Hit@k,nDCG@k
SBERT Baseline,0.07549999999999998,0.755,0.5556289682539682,0.755,0.6040082632417098
Triplet Hard,0.08349999999999999,0.835,0.6407281746031747,0.835,0.687610250566581
Triplet Semi,0.085,0.85,0.6194186507936508,0.85,0.6750788968808545
Triplet Random,0.075,0.75,0.5573373015873015,0.75,0.6039628751033266
Triplet Mixed,0.09,0.9,0.6841428571428572,0.9,0.7365615409288668
