Model,Precision@k,Recall@k,MRR,Hit@k,nDCG@k
SBERT Baseline,0.07549999999999998,0.755,0.5556289682539682,0.755,0.6040082632417098
SBERT Triplet,0.07799999999999999,0.78,0.5684742063492063,0.78,0.6197374617252699
